text,label,language_tag
mama kawadawath oyawa mata kemathi karawanna uthsaha kale nehe mama oyawa mata hondin adaraya karanna uthsaha kala subha pethum oya eka ayin kala,0,singlish
"oya ge wada hariyata wal buruwa wage wada karanawa, meka nam athi.",0,singlish
"""Manikah",0,singlish
mama hithuwe oyata minihek innawa kiyala mama kiwwa api eya gena katha karanne nehe kiyala,0,singlish
eyi api ewayin samaharak laba nogatha yuththe wishala athalossak anubhawa kara in samaharak siduwanne kumakda yannayi,0,singlish
hondayi subha rathriyak,0,singlish
owun apasu ethulata yana thenata gos etha,0,singlish
"""kudda",1,singlish
mama pahata rediyal [Unkown] salakunu karamin rojar wulf eka pita karanawa,1,singlish
nikamata hithuwa samaharawita eya eyage kela ekka kopi tikak bonna oya kemathi nehe kiyala,0,singlish
mata yamak awashyayi obata benku sambandhatha thibeda mata sambandhatha thibe,0,singlish
oyata asaneepayi mata kawadawath hondak denune nehe,0,singlish
mama samaye minisek mama obata jeewath weemata awashya eya regena yannemi,0,singlish
mata iwasiya heki ekama asalwesiya obayi mama obata anathuru engewwa,0,singlish
"""hodai",0,singlish
oba obe potha wikunana thuru eya apasu ganna meriyan enna api sathyayata muhuna demu kisiweku eya prakashayata path nokaranu etha,1,singlish
mama ellenawa heyi inna,1,singlish
e hutta wena wachanayak neweyi,1,singlish
mama obata thawath ganudenuwak kireemata sudanam oh thawamath mage hadawatha wanna,0,singlish
"""Lassanaei nehara tichar",0,singlish
"Ane oya, pissu wage danawada mokakda kiyala.",1,singlish
samahara wita mama kihipa wathawakma katawath wedi thaba etha,1,singlish
ow,1,singlish
hisak nomethiwa siyaluma wilasithawan mata wisthara ithiri karayi,0,singlish
e gena mata kiyanna,0,singlish
"Ane manda oya ge reply eka, hitha nathi wage behave wenne ai? tikak igena ganin.",0,singlish
"""Lasannee",0,singlish
namuth mata ema poth awashyayi oba mata obe piya mathak kara denawa ohu kawadawath chayarupa elbamayak illa nositiyath ohu nitharama kegesuwa,0,singlish
ow ow mama eya matha sitimi api ikmaninma gaman karana tharamata api ape de wiyadam kireemata ikman wemu,0,singlish
oya awurudu hayakata kalin edee kellawa marala demma mona magulakda,1,singlish
oba koheda [Unkown] hotalaya,0,singlish
"oya hariyata weda bari wage wada karanawa, comment karanna kalin hithapan.",1,singlish
"""El",0,singlish
"""Akke dance eka beautiful ?? Video ekata Copyright wadila ??",0,singlish
mage kabaya namuth api kala yuththe kumakda [Unkown],0,singlish
ithin mama sadharana paharak laba gannam obata obata awashya siyalla lebenu etha ho neel obata laba geneemata awashya deyi balamu,1,singlish
mama e yaka ida nodemi namuth eeye rathriye karyalayedee api mage wththiya gena sakachcha karana wita oba ekanga wiya,1,singlish
eththatama matin api katha karanna apu chithrapatiya [Unkown] [Unkown] ow apita therenawa oya pitapatha kiyawala ekata godak kemathi,0,singlish
den api nawathwanne nethi de ,0,singlish
eya hondin sitinu etheyi uba sithanawada eya eyawa rekabala ganne kesedeyi danee,1,singlish
awajataka ponnayak rajakarata topita dan sapada,1,singlish
para aine kada noda kele kada dannada pako,1,singlish
pukarudayata jayen jayama wewaa.,1,singlish
"ane ban ubalata mokada une kiyana dewal apita wadak ne ay hutho mewa madyata dane owa nawathapan ban , dushantha baduwa uba eki tiyagena nikam hitiyada karana one dewal uba karane malith patta waseyak ban",1,singlish
aniwarryen ane me huththiyo bara gnn oni thram ewun innw,1,singlish
gon ganu may kupadiyata ahuunane,1,singlish
gon ganu thopi aththen aththata pana pana ganikawo wage idapalla.jara ganu unge nisi wayasata badapallako kollek hoyan naki eun hoya gaththa,1,singlish
isuru kiyanne sakkiliyek u hirhan inne u hari porak kiyala paka hukanawa ath harinawa pandethakam dhodawanawa amu gawaya,1,singlish
umbala mole kalpana nathi ne.,1,singlish
kalakanniya,1,singlish
me balla nakiyeknemuta naki vise gal musalayek hati muge,1,singlish
"""pattaaa",0,singlish
mona ponnayekda mea isuruasahanayak thiyenawanam spa ekata palayan kello amaruwe danna epa,1,singlish
"monawada ban meke isuru kiyala thiyenne, boru huththawal noda hitapan",1,singlish
"""3:53 atha allanna neda giye kelum horennma nodenenna ??",1,singlish
mu dakinnath appiriyai awajathakaya.,1,singlish
mu ponna avajathakaya iru renota kello denawa munta nadu danna one,1,singlish
hutto me wage comment damma asawen balana unta epa wenawa ube pake comment eken danagaghthe lankawa dinala kiyla e nisa balala wadak nane huto,1,singlish
oyala tham inne dubaida. yuddaya thama thiyenawada. wisthara tikak kiyannakoo ilaga vlog eken kiyannakoo. parissamin inna.,1,singlish
hena gahapn ponnayata,1,singlish
heshan ponnaya okata naginne na,1,singlish
hukanna ba vidiyo oni,1,singlish
ballanna tikak parakku una sorry,1,singlish
mona wesiyok da,1,singlish
obata mawa pitathata gena yamata gewanu lebuwe mama sebawinma waira karana ek pudgalayeku wisini eya sakas kireemak bawa mama dena sitiyemi eya ese nowe,1,singlish
me wesi dakkma matath epa wenawne,1,singlish
wesi wesama wenna,1,singlish
oba sampurnayenma kalakanni bawa obata eka reyakata amathaka kala hekida,1,singlish
oya beela ne mama puka dunna mama prathikshepa kala eka loku winodayak,1,singlish
maknisada yath oba mata kemathi gehenu lamayeku soya geneemata heki wana paridi mata kemathi gehenu lamayin iwath kireemata patan gatha yuthu bewini,1,singlish
obe dakunu padaya ehi thabanna eya amathaka karanna mama newathee sitimi,1,singlish
"umbala, meka nam gon level ekak. danawada mokakda kiyala.",1,singlish
oya gon harakek hariyata behave karapan.,1,singlish
mokakda me me comment eka danapu eka ge awajathaka wage wada? kiyala therenneth ne.,1,singlish
"uba hariyata gon harakek wage wada karanawa, thamuse.",1,singlish
oya ge kathawa gon harakek ban.,1,singlish
mokakda me oya ge gon wada? machan.,1,singlish
oya ge post eka nam gon harakek boruwata katha karanne.,1,singlish
oya nam awajathaka wage ne hariyata.,1,singlish
"hariyata baluwoth oya wage kenek gon athal karaya wage ne, meka dakka gaman hina yanawa.",1,singlish
me wage gon athal danne nathuwa tikak hithapan oya wage kenek.,1,singlish
"oya ge kathawa, meka nam gon level ekak. kata wahagena inna.",1,singlish
umbala gon athal karaya ne.,1,singlish
"hariyata baluwoth mehema wada karana eka awajathaka wage wage ne, machan.",1,singlish
"ane manda me video eka balala comment karana eka, gon wage behave wenne ai? meka dakka gaman hina yanawa.",1,singlish
"oya wage kenek, uba nam gon athal karaya boruwata katha karanne.",1,singlish
"ane me wage wada karana aya, gon athal karaya hariyata wada karapan.",1,singlish
oya ge post eka nam gon lajja nadda.,1,singlish
"ane manda mehema wada karana eka, awajathaka wage wage behave wenne ai? me wage wada nawaththapan.",1,singlish
umbala ge me wage awajathaka wage comment dakkama epa wenawa.,1,singlish
"ane me video eka balala comment karana eka, gon hariyata.",1,singlish
"ane me video eka balala comment karana eka, gon harakek meka nam athi.",1,singlish
"ane oya wage kenek, gon harakek boruwata katha karanne.",1,singlish
"hariyata baluwoth me video eka balala comment karana eka gon athal karaya wage ne, hariyata behave karapan.",1,singlish
"ane me wage wada karana aya, awajathaka wage tikak igena ganin.",1,singlish
me video eka balala comment karana eka gon danawada mokakda kiyala.,1,singlish
"oya ge kathawa, uba nam awajathaka wage ne.",1,singlish
"ane manda mehema wada karana eka, gon wage behave wenne ai? kiyala therenneth ne.",1,singlish
"mehema wada karana eka, uba nam gon boruwata katha karanne.",1,singlish
mehema wada karana eka gon comment karanna kalin hithapan.,1,singlish
"ane manda me video eka balala comment karana eka, gon harakek wage behave wenne ai? hariyata.",1,singlish
me video eka balala comment karana eka mehema karanne gon harakek nisa da? ne.,1,singlish
oya ge post eka nam gon oya wage aya nisa thamai mehema wenne.,1,singlish
"me video eka balala comment karana eka hariyata gon wage wada karanawa, kiyala therenneth ne.",1,singlish
"hariyata baluwoth oya wage kenek gon wage ne, ane.",1,singlish
"ane umbala, awajathaka wage me wage wada nawaththapan.",1,singlish
mehema wada karana eka mehema karanne gon nisa da? danawada mokakda kiyala.,1,singlish
me video eka balala comment karana eka ge kathawa ahuwama gon harakek kiyala hithenawa.,1,singlish
oya wage kenek nam awajathaka wage ne kiyala therenneth ne.,1,singlish
"me video eka balala comment karana eka hariyata gon harakek wage wada karanawa, meka nam athi.",1,singlish
mokakda me me comment eka danapu eka ge awajathaka wage wada? meka nam athi.,1,singlish
"me wage wada karana aya, uba nam gon harakek poddak mole pawichchi karapan.",1,singlish
oya ge post eka nam gon athal karaya ban.,1,singlish
"hariyata baluwoth me wage wada karana aya awajathaka wage wage ne, kiyala therenneth ne.",1,singlish
"me wage wada karana aya, uba nam gon athal karaya me wage wada nawaththapan.",1,singlish
oya ge reply eka nam gon ne hariyata behave karapan.,1,singlish
oya ge reply eka gon boruwata katha karanne.,1,singlish
uba ge kathawa ahuwama awajathaka wage kiyala hithenawa.,1,singlish
"hariyata baluwoth me comment eka danapu eka gon harakek wage ne, lajja nadda.",1,singlish
me video eka balala comment karana eka ge me wage awajathaka wage comment dakkama epa wenawa.,1,singlish
"oya ge post eka, meka nam gon harakek level ekak. boruwata katha karanne.",1,singlish
mokakda me mehema wada karana eka ge gon harakek wada? me wage wada nawaththapan.,1,singlish
me comment eka danapu eka ge me wage gon harakek comment dakkama epa wenawa.,1,singlish
mokakda me me comment eka danapu eka ge gon harakek wada? ban.,1,singlish
me comment eka danapu eka ta kiyanna one gon wage wada nawaththanna kiyala.,1,singlish
"hariyata baluwoth oya ge reply eka gon athal karaya wage ne, boruwata katha karanne.",1,singlish
"hariyata baluwoth me video eka balala comment karana eka awajathaka wage wage ne, ne.",1,singlish
mokakda me umbala ge gon wada? hariyata.,1,singlish
"ane manda oya ge kathawa, gon athal karaya wage behave wenne ai? comment karanna kalin hithapan.",1,singlish
oya gon boruwata katha karanne.,1,singlish
"oya ge reply eka, meka nam gon harakek level ekak. boruwata katha karanne.",1,singlish
oya ge post eka nam gon ban.,1,singlish
"oya ge idea eka, uba nam gon athal karaya ane.",1,singlish
me wage gon athal karaya athal danne nathuwa tikak hithapan uba.,1,singlish
"oya ge post eka, uba nam gon harakek meka nam athi.",1,singlish
mokakda me oya ge kathawa ge gon harakek wada? ban.,1,singlish
oya ge kathawa ge me wage gon comment dakkama epa wenawa.,1,singlish
"ane manda oya ge idea eka, awajathaka wage wage behave wenne ai? ban.",1,singlish
oya wage kenek mehema karanne awajathaka wage nisa da? me wage wada nawaththapan.,1,singlish
mokakda me uba ge gon wada? kiyala therenneth ne.,1,singlish
oya ge post eka nam gon athal karaya me wage wada nawaththapan.,1,singlish
"me comment eka danapu eka, uba nam gon tikak igena ganin.",1,singlish
me video eka balala comment karana eka ge me wage gon comment dakkama epa wenawa.,1,singlish
me comment eka danapu eka ge kathawa ahuwama gon harakek kiyala hithenawa.,1,singlish
me wage wada karana aya mehema karanne gon nisa da? hariyata behave karapan.,1,singlish
"mehema wada karana eka, meka nam gon harakek level ekak. poddak mole pawichchi karapan.",1,singlish
"uba hariyata gon harakek wage wada karanawa, meka nam athi.",1,singlish
"ane oya ge post eka, gon athal karaya tikak igena ganin.",1,singlish
"ane manda me wage wada karana aya, gon wage behave wenne ai? ane.",1,singlish
oya wage kenek ge kathawa ahuwama gon kiyala hithenawa.,1,singlish
"oya ge kathawa, uba nam gon thamuse.",1,singlish
oyata magen monawada one oya kiyapu de mama kala eyata oyage wesikiliya pawichchi karanna denna kiyala kisima kadayak eka karanne nehe,1,singlish
mata eththatama samawenna gonata oya apita waira karanawa oyata apiwa eyalata kanna denna idak hari adak thibuna nam,1,singlish
meksiko niwaduwe obe aramuna kumakda mama ohuge palamu gon pora beleemata ohuwa regena yanawa,1,singlish
darshanika ewa parikalpanaya menma buddhi parakramaya da awussana ewa,1,singlish
ne mage raththaran oya weradiyata hithanna ethi apoyi gona,1,singlish
awajathakayo apahu mehe ewith mata muna deela baldi gannawa,1,singlish
hondayi apata begaya hisata udin thaba geneemata uthsaha kala hekiya apage mawata beg haraha penena paridi obawa idiripasin pitathata gena yanna,1,singlish
mama ada ohuta sadharana lingikathwaya pilibanda sanwedeethawa pilibanda ohuge palamu padama laba dunnemi eya karanna epa awajathakaya,1,singlish
saha sagaraya kandu panthiyak ma pawasana paridi karanna,1,singlish
manusheeya pariwarthanaya matha randa pawathina ekak oba asala wadi wee sitina wishayaya,1,singlish
menna oba siyalu denatama pramanawath thalluwak netha,0,singlish
api eyawa maranna kalin oya eya langata awa,0,singlish
"""lankawa bihi kala thawath legend ekak umariya",0,singlish
"Ane manda oya ge wada, wadak nathi wage behave wenne ai? lajja nadda.",0,singlish
eya peminenne kothenatada ohu pentaganayata goda besseya,0,singlish
oya ge idea eka mehema karanne loku talk karana moda nisa da? ne.,0,singlish
me thena gedara wage wenna epa eka gedarata wada lassanayi,0,singlish
"""Una nowana Uba thamai. Kalakanniya.",1,singlish
"""Niyamai,lassanai,""",0,singlish
Hi,0,singlish
api selasum kala akarayatama siyalla siduwemin pawathee oba thawamath apage wiwaha giwisa geneema prakasha kara netha,0,singlish
oya ge wada nam pissu wage ne machan.,1,singlish
ayubowan edam ayubowan,0,singlish
oya ge post eka ta kiyanna one gon harakek wage wada nawaththanna kiyala.,0,singlish
eya obe semiyata awashya nam ada rathriye enna wiyana soyana post ekak namuth mama wiwahaka kanthawak,0,singlish
eka thamayi duka hithena kathawak,0,singlish
meya samanya deyak noweda api awasanaye yamekuta honda hereemak kara methen sita siduwanne kumakdeyi balamu eya wyathirekayak nowe,0,singlish
obata awashya nam apata wenath panayak sandaha hamuwiya heka ewita mata eya wadath hondin pehedili kala hekiya mama obata etharam nayagethiyi balanna mata yannata siduwanu etha obath dannawa,0,singlish
mama athpothak aran eka padam karannam,0,singlish
yanna oba wenuwen an siyalla amathaka kala adaraya kala heki minisek oba kawuda [Unkown],0,singlish
oba owunwa dena handuna ganna wita owun eththenma honda minisun ya,0,singlish
saha meeta pera boho loka,0,singlish
mama kalpana kale oba dewarak wiwaha wee ethi bawayi,0,singlish
me comment eka danapu eka mehema karanne weda bari nisa da? me wage wada nawaththapan.,0,singlish
mama oyata kiwwa mage langin inna kiyala mama eka karanawa mama ethana hitiya magulak karanawa oya danne nehe machan mama monawada kale kiyala oya danne nehe,0,singlish
ow andukarawarayata badha kireema gena mata samawenna namuth ema plastar onema dewana putheku dedi karayi,0,singlish
awadharanaya sandaha hariyatama eya yathurayi,0,singlish
jonsan edee ayiyage ayiyala api balamu e [Unkown] eka,0,singlish
yanna,0,singlish
api sathutin wyaparaya karagena yamuda oba wadi nowanna,0,singlish
"""harima lassanai",0,singlish
ow owun namuth enna,0,singlish
wiliyams alla geneema sandaha aparadha komisama dolar dasadahasaka thyagayak pirinemeemata ohuta eya lebune kohendeyi kisiweku danne netheyi mama obata kiyami,0,singlish
eya obage wyaparaye kisindu deyak honda nethath eya balaporoththu sun karawana sulu wiya yuthuya,0,singlish
[Unkown] [Unkown] [Unkown] [Unkown] api yamu,0,singlish
"""Ammo  pissu wattanawa rini oyaa vois eka ammo",0,singlish
[Unkown] katha karanne oya dannawada oya monawada katha karanne kiyala mama danne nehe ekayi mama oyagen ahanne,0,singlish
oya ekata kemathi nedda ne ne mama ekata adareyi oya hithagena inne oya hondatama asaneepa wela inna ethi kiyala,0,singlish
ow mage hondama mithuran samaharak mama eya sithana sema awasthawakama wihilu karathi,0,singlish
"oya wage kenek, uba nam wal buruwa hariyata wada karapan.",1,singlish
samawenna,0,singlish
[Unkown] le bindu kihipayak sandaha rajuge kappam mudalak gewanu etha boho denek mata eya awashya netha,0,singlish
hari [Unkown] oyata den loku thihak nayayi oya mokada karanne mata eelaga tharagayedee degunayak ho kisiwak yanna awashyayi,0,singlish
apoyi me miniha us godanegili walin wayu beg walata paninna purudu wela hitiya oya karana wedeta yatin kottayak ne mama eken pusa mama iwarayi,0,singlish
dewiyan wahanse mawa dekeemata avashya deyi danne don [Unkown] ohu ma danne deyi ohu danne ohu thattu karanne nam oba doratuwata pilithuru dena sthanayeni,0,singlish
ohu hurupurudu bawa oba dannawa,0,singlish
hu,1,singlish
hari hari me wage oya kawadawath netumakata gihin nehe,0,singlish
"""Thanks........oba thumata",0,singlish
"""Supiri",0,singlish
"""Meka balala ape unge wadema gihin ara sinduwa ahana eka ????",0,singlish
mokakda awula [Unkown] ta mokada une mama oyawa ehedi hambawennam,0,singlish
"""Lankawe Inna hodama niliya",0,singlish
wiweka ganna obata eka panahak lebuna obata ehuna rikee miniha dannawa api kopamana kalayak mehi sitiya yuthuda yanna api eya awasan kala yuthuyi,0,singlish
Lankawa,0,singlish
eya josh samanga rahas sambandhayak pawathwanne kumakda mata awashya yeyi mama nodanimi,0,singlish
"""Mara",0,singlish
wishala wiyadam karanna oba kisiwak deka netha,0,singlish
e siyallatama wagakiwa yuththe owun hasyajanaka wanne mandeyi eya wartha kireemata mata awashya netha,0,singlish
oya dannawane mama eeye re pissu heenayak dekka e oya gena kiyala,0,singlish
mama den linkan udyanaye jeewath wanne sancharaya kireemata pamanak nowe ow oba monawada kale,0,singlish
"""Lassie godk",0,singlish
pesifik sagaraye nyashtika athhada beleema gena oba katha kireema ow mage rata wisin sidu karana lada mema pareekshanaya bhayanaka awul jalayak ethi kaleya api eya pirisidu kireemata mehi sitimu,0,singlish
"""nagai asama gaekava patta voice",0,singlish
ohu enne nehe mama dannawa ohu ena bawa,0,singlish
mama danne nehe mokada wenne kiyala mama danne nehe oya kiyanne oya awul wela kiyala,0,singlish
hondayi oba karana thuru mata obata pewasiya hekke oba denatamath danna de owun sammuka pareekshanayak wikashanaya nokaranu ethi bawayi,0,singlish
oba owun kawudeyi yamak kala yuthuyi,0,singlish
eya selawena bawak penenne nedda eya hariyata hayi [Unkown] kiyanawa oba mage amma wenawada ow ow eya ese karanawa wage,0,singlish
ohu pawum deseeyak ellanawa dekeema sandaha mama pawum siyayak gewannemi,0,singlish
mama danne nehe machan oya kenekwa hoyanawa nam samahara wita oyata polis karayo balanna wenawa eth mama,0,singlish
oya hithanne eka thamayi wenne kiyala mama hithanne eka thamayi wenne kiyala,0,singlish
"""Fatta",1,singlish
"""NIYAMAI",0,singlish
apiwa mankolla kewa hari eyage pars eka ganna,0,singlish
"""Patta......??",0,singlish
hah hah mama barapathalayi oba onewata wada dum panaya karana jarawa obe abhilashaya sorakam karanne obe abhilashaya usas wee rupawahiniya nerambeema nam nowe,0,singlish
mata oya ekka katha karanna ona doktar mata enna puluwanda,0,singlish
oba dakinne kumakda mama dakinne sundarathwaye saha adaraye sadakalika dewathawiyayi mama dakinne efrodayit sampurna kanthawa,0,singlish
dewiyane oba etharam tharuna nowe eththatama mata wayasa awurudu dahasayak nowe minisun kriya karanne kawadadeyi kiyannata tharam mata wayasayi,0,singlish
ethemun sithanne ohu newatha kisi dineka nomara newatha samajayata athurudahan wu nisa yeyi obata e gena etharam wishwasayak netha,0,singlish
"""Shok akkiyo parissamata digtma krgana yanda mama oyata godak adare akkiyo ????",0,singlish
pilithurak nethi prahelikawak wanne oba wayin pipasayen sitina wita his koppayak pamanak wana athara eya lakunata hondinma sathya wu athara eya wayin nam obata awashya nam eya wayin apata lebenu etha,0,singlish
mehe enna mama ehema kellek neweyi,0,singlish
ehenam eyi kisima hethuwak neththe,0,singlish
"me video eka balala comment karana eka, meka nam kata witharai wada level ekak. hariyata wada karapan.",0,singlish
eya sarala [Unkown] wadanaya nowe [Unkown] [Unkown] nawika palanaya sandaha patigatha kireema yathrawata prathichara dekweemata uthsaha kale ekama prathicharaya meyayi,0,singlish
"oya ge kathawa, meka nam loku talk karana moda level ekak. machan.",0,singlish
Oya ge post eka nam mole kalpana nathi ane.,0,singlish
prawththiya honda nehe lamaya me tika menna balanna eka kedila thiyenawa oyata aluth ekak ona kiyala oya kochchara hithanawada kiyala,0,singlish
"""Niyamaiii",0,singlish
"uba, meka nam moda level ekak. me wage wada nawaththapan.",1,singlish
pudgalikawa mama kawadawath palliye nam walata giye nehe oya hithanne [Unkown] enne kohenda kiyala,0,singlish
mata andha wairayak ethi wu wita senehasa awashya wanne katadeyi obata soyagatha hekiya,0,singlish
oya ge post eka loku talk karana moda kata wahagena inna.,0,singlish
eya atheethaye oba resweemwalata yama newethwuye nam misa ganudenuwak ganudenuwak nowe,0,singlish
ohu edee mahathata kumana ganudenuwak karanneda [Unkown],0,singlish
obata hatharawana waraya manga hera rij wetha yamata awashya wanne obata ethi weredda kumakda yannayi,0,singlish
api methanin eliyata awa api methanin giya kiyala hithanna piyana arinna uthsaha karanna leeye sidurak payin gahanna uthsaha karanna,0,singlish
hondayi ow oba napuru wu wita pawa mata siti hondama mithura obayi,0,singlish
karunakara oba nomethiwa dina itha digu ha thanikamak wanu etheyi karunakara kiyanna karunakara siyalla hari mama ehi sitimi,0,singlish
halo amme mata me anith kol eka ayin karanna denna mata yanna thiyenne mage ammala,0,singlish
jim mama e wenuwen penee sitinne nehe oba e wenuwen penee sitinne nehe,0,singlish
andanna epa eliyata yanna,0,singlish
mona magulakda wenne api mokada karanne,0,singlish
"""Amal oba sundara gayakayek .yali hamu wemu.mal mawath netha apita .seba lowa darunui.piya puthu depalatama shakthiya ha ddhairaya labewa.",0,singlish
reks samanga wyuha widyathmakawa niweradi weemata awashya netheyi mama kee wita ma adahas karanne kumakdeyi oba dannawa,0,singlish
oba sema dinakama uthsaha kalada samahara wita mama peya gananak yachkna karami,0,singlish
oba hema sathiyakama kale nehe,0,singlish
shuraya apasu penneya eya ma karana wita mata mehi siteemata awashyaya,0,singlish
mama nisa oyata oyage rassawa nethi wunada eka amathaka karanna mata e thakkadiya wenuwen weda kireema asaneepayi,0,singlish
Mama 3 replay karanna heshan aiyye,0,singlish
oba wenuwen ema paniwidaya thebu kanthawa itha kelambee etha mama hithanne eya andanne eyi eya andanne kiyala,0,singlish
"""Lankawe kiyala adura gatthe jathika kodiyan.harima lassanai",0,singlish
oh saundaryathmaka agaya kireema sandaha adhairyamath nowanna sema witama manda welawak bala sitinna,1,singlish
gon nik saha mata kiyanna epa me siyalla chali gena pamanak bawa eya nowe eyi oba ganan ganne,1,singlish
eya mage paribhogikayata obe paribhogikayata sudusu wiya yuthuyi,1,singlish
mata thama hithenne oya awajathakayek kiyala mama japa kaloth mokada wenne kiyala,1,singlish
sarwabaladharee dewiyane mama hithuwe mama witharayi mama kiyala mamath hithuwe nehe eka hariyata mama mehum walin wen wenawa wage,0,singlish
apata den mudal awashya wu wita ohu den gewayi nethahoth oba eya karanne netha,0,singlish
"""Dance eke thalayak na..hri kalabala gatiyak tyenwa",0,singlish
"""Niyamai",0,singlish
obata mema mudda sandaha welandapolak soyagatha heki wanu etha eya wishala kepakireemakin wikineemata mata bala kereyi sthuthiyi obata namuth mama sithanne nethi tharamya,0,singlish
nehe kayawardhana kreedakayin harak mas kireemata bonne eyayi,0,singlish
ema kebal walin ekak edagena yamen kedee yayi yeyi sithamu ewita api siyalloma wenath prashna walata goduru wanu etha,0,singlish
Oya ge post eka nam mole nathi thamuse.,0,singlish
"""oba ape ratata watina sampathak",0,singlish
"oya ge idea eka hariyata hariyata therumak nathi wage wada karanawa, kata wahagena inna.",0,singlish
mama naththal seeya kawuda nodanne,0,singlish
mata ma wenuwen pariwarthanaya kireemata keneku awashyayi mage japan bhashawa etharam unusum nowe hera oba kisida ethul nowanu etha,1,singlish
rala itha ihala mattamaka pawathina athara swayankreeya rile paripathawala kothenaka ho paripurnawa biththiyata gala yana jalaya weeduruwak wedee etha,1,singlish
swayankreeya rile paripathawala kothenaka ho mata tharanga saha mage puwaruwa boho durata maga here,1,singlish
mata thathparayakin asarthaka arakshitha lakunak matha pariganaka kiyaweemak awashyayi,1,singlish
e obe balla eya ape balla eya apata ayithi ya,1,singlish
"""Akki mate oyawe as deken balanne oni mate oyath akke dance akak keranne oni mamath asai tv ake ragepanne",0,singlish
"Ane manda umbala, mole kalpana nathi wage behave wenne ai? oya wage aya nisa thamai mehema wenne.",0,singlish
mokakda film eka mama kellawa ganne,0,singlish
eya ape balla eya apata ayithi apa kisiwek netha,1,singlish
kristhus wahanse koheda oba yanne yeyi oba sithanne mama mage sirakaruwa newatha siragedarata gena yami,0,singlish
"Hariyata baluwoth uba gon wage ne, danawada mokakda kiyala.",0,singlish
"Ane manda mehema wada karana eka, wada nodanna wage behave wenne ai? comment karanna kalin hithapan.",0,singlish
den mama eya pompa karannam oba yantham hendl harawanna obata umang marga suwanda wilawun sigarat kolon kapat chesnat yu hima yu,0,singlish
mata eka therune ne hemoma godak modayi,0,singlish
methana deshana karanna thenak ne den neweyi e nisa oya mama kiyana widiyata karanna,0,singlish
eththa washayenma mage swamiya keewe edahille yachknawa asaneepa wanu ethi bawayi,0,singlish
eya awama washayen ahasa tharam honda wiya,0,singlish
"""Niyamaaaaaaaaaai",0,singlish
putuwak adinna oh samawenna me mage aryawa obawa hamuweemata sathutuyi,0,singlish
mama eya samanga ekama kamaraye nositina bawa oba danne keseda kiya oba mata katha kala wita oba pewasuwe eya anek kamaraye sitina bawa pewasuwaya,0,singlish
"oya ge reply eka, meka nam wikarayak level ekak. machan.",0,singlish
ithin owunta eththa kiyanna oba eya bhawitha karanne kumak sandahada mama eya bhawitha kireemata yanne ma sathuwa kopamana pramanayak thibeda yanna beleemataya,0,singlish
eya rajuta erehi thawath pradarshanayaki meya wanacharee namuth mage dewiyane me minisun yuddhayata yamata adahas karanne owun eththatama adahas karanne eyayi,0,singlish
"""Hoda abyasayak",0,singlish
oh mayi [Unkown] oh mayi [Unkown] oh mayi [Unkown] [Unkown] ne samawenna eka lassana namak wunata eke theruma dayawantha ayithiya,0,singlish
mama hithuwe oba idiriyen sitiyadee oba iwath wee mage ipeyeem siyalla wesikiliyata wetenu bala sitinu ethi bawayi,0,singlish
mama danne nehe owunta hema witama eya awashya wanne me siyalla kumakdeyi owun meya chithrapatayak nowe,0,singlish
hetak withara kisima jarawak ne samahara ewa,0,singlish
mata eya laba gatha hekida karunakara mata eya laba gatha noheka eya peya kihipayak gathawanu etha,0,singlish
ohuta ma gena thekeemak netha ohu kuthuhalayen sitinne oba kawudeyi dena geneemata pamani,0,singlish
eknma,0,singlish
"""?????? lassanaaaaiiiii",0,singlish
ah eka narakayi mata godak badaginiyi,0,singlish
api wiwaha giwisa geneema awalangu karamu namuth medamta eya kala noheka,0,singlish
"""Obe hakiyawen puluwan sithak suwapath karanna . Love you so much umariya ??",0,singlish
wasara hathakata pasuwath karya mandalaya jeewathun athara sitiya heki bawa obata eththu gos etha,0,singlish
"""Ftt??",0,singlish
mokakda awula apita eyawa thama ne eth oyage kellek eeye re king edwad hotel ekedi marala demma,0,singlish
robat obata awashya kumakdeyi mama danna bawa api nodanimu,0,singlish
hari eya oba gena katha kireema nawathwanne netha oba semawitama ege sithe sitinne adaraya jek eya mata waira karayi luwee,0,singlish
"""Me wge ayathana rata thula thawa bihi  kala yuthui.",0,singlish
punchi es hera wena kawuruth merenawata mama kemathi nehe,0,singlish
umbala ge kathawa ahuwama hariyata therumak nathi kiyala hithenawa.,0,singlish
subha sandhyawak oba dakinawa menna api newathath pemina sitimu eya semta karana lada wishala prashansawak lesa mama sithami ohu obata preethimath dina peris,0,singlish
nihanda molee methana mokak hari wihiluwak wenawa,0,singlish
paddhathiye akriyathawaya apage ardha sannayaka akriyayi,0,singlish
niwasak tharam wishala muwa mas payi kuda niwasak,0,singlish
"""Patttaaaaa",0,singlish
oba kohe giyath owun kohe giyath mama yanawa,0,singlish
ane,0,singlish
oyata tikak inna puluwanda me yathura [Unkown] mama kemathiyi oya meka karanne neththam therumak ne api kohe hari gihin kopi ekak bomu,0,singlish
"""Lssnai",0,singlish
"oya ge kathawa, meka nam chater level ekak. oya wage aya nisa thamai mehema wenne.",0,singlish
Hahhahhahaahaaa,0,singlish
duwanne obe karyaya nowa oba siril prathisanskaranaya kireema arambha kireema wada hondaya,0,singlish
eyi mama digatama oya diha balagena inna ona mata oyawa ona,0,singlish
oyata eka karanna be kiyala oya danna aparadha sthanayata apita yanna puluwanda [Unkown],0,singlish
wenath onema deyak ow kisiweku eya nodanne nam obe handa [Unkown] ganne eyi [Unkown],0,singlish
hondayi mama wishwasa karanawa obata poramayak pirawiya yuthu bawa mehi ped ekak thibe mata mage mudal den apasu awashya netha,0,singlish
"umbala, meka nam gon level ekak. ban.",0,singlish
ne mama dannawa newatha piraweemak awashya minihek,0,singlish
Mk,0,singlish
api monawa karannada mama hithanne,0,singlish
mewa watinawa aduma tharame mama danne nehe mata panahak deela ewa eliyata ganna ewaye watinakama mokakda kiyala,0,singlish
ehidee ohuta piyano padam thibe,0,singlish
namuth penuma wedagath wanne kalabala noweemayi,0,singlish
balanna,0,singlish
Oya ge post eka nam wadak nathi meka dakka gaman hina yanawa.,0,singlish
oyage yaluwo [Unkown] gena ehuwada eyala mata tikak wihilu kala,0,singlish
mama weedi motar rathayak enathuru bala sitimi eya hondin kapa damanna kese ho selakilimath wanne kawudeyi balanna,0,singlish
baya wenna epa [Unkown] oya samaharawita hondatama kendiri gewi oh ow,0,singlish
"""Suda patum dennatama",0,singlish
menna mama wayu sameekarana yanthraya prathikshepa karannam eya wayu sameekarana yanthraya nowe mawa seethala karanne kisiwak mehi chalanaya nowe obe kurullan pawa,0,singlish
obata eya lebee ethi athara ahambu hani thibe nam,0,singlish
"""Harima hodai",0,singlish
"""Me",0,singlish
"""Thawath hadawathe voice ekak thamai meka...amal perera...????????",0,singlish
ehi dee obata kisima udawwak awashya nowana bawa obata wishwasayi [Unkown],0,singlish
loku prashnayak e kolla eyi me loketa mehema wela thiyenne eyi den seetha wela andura wetila,0,singlish
[Unkown] ema dewiyange kriya eththa washayenma eya thulata elee eya binda damanna epa ow owun karanawa,0,singlish
Adanam vlog eka windai 15 th wada parakkui ane ilaga japan yana vlog ekak balnanna puluwan weida ane me krnaya thiynne ane heshan aiyyage nathuam ane  nikan ara mokadda holanamk wahila wage natanne dennama ehemai an,0,singlish
e kalaya purama mama naukawak yamata bala siti athara oba ma nomethiwa giya ow udaw kala noheki wiya,0,singlish
sonduriya [Unkown] [Unkown] [Unkown] [Unkown] eya newathath mage [Unkown] bonikka samanga sellam kalaya,0,singlish
pradhaniyata kiyanna api ohuta sthuthi karanawa pradhaniya dannawa,0,singlish
hondayi mama nitharama hithuwe oba itha honda pudgalayek bawa oba dannawada mama mathpen panaya karanneku bawa,0,singlish
kihipa denek kawurun ho kepee penuna,0,singlish
ohu hamudawa nowe eya nila nowe pasuwa eya nila nowana ya,0,singlish
mama matawath honda nehe eyi oya dannawata wada oya godak hondayi oya wage dewal kiyanne,0,singlish
mehema wada karana eka nam hariyata therumak nathi ne ban.,0,singlish
oba eya udu yatikuru kara thabagena sitiye oba wasagena nowe,0,singlish
eyin adahas karanne piriminge endumwala obe rasaya narakayi piriminge obe rasaya mota bawa,0,singlish
eya hondin innawa saha daruwa,0,singlish
"""Woow godak hoda deyak mewa balala wath anith aya hadenawa  nam ohoma karanna wenne naha",0,singlish
samahara wita e greeka jathikayan wenuwen prayojanawath weda kale owungen kenek wiya hekiya namuth owun ahinsaka goduru wu mageen pamanak yeyi mama sithami,0,singlish
oba kawada ho yamak adhyayanaya kara thibeda minisata mona magulakda yannehi kotasak nowe,0,singlish
ohu katha kale kawurun kumak genada katha kaleda yannayi,0,singlish
balanna ohu mehi sitina bawa oba obe mama wishwasa kireemata igena gatha yuthuya awankawama ohu mehi nositiya yuthuya eya upakramayak wiya yuthuya,0,singlish
badawel ow ewa,0,singlish
oya ge kathawa ahuwama boru karaya kiyala hithenawa.,0,singlish
oya meka hemadama karanawa hari chali awurudu wissak,0,singlish
thunweni deyak nehe mithya wishwasa karanna epa mama oyata adareyi jek oya eka dannawa,0,singlish
Mokakda me umbala ge pissu wage wada? ban.,0,singlish
dewiyane namuth mama eya darukamata hada geneema sandaha athahera damami mama denatamath paripurna pudgalayin soyagena etha,0,singlish
oba penee sitina thuru oba uparimayen adahas karanne keseda [Unkown],0,singlish
sajan west wasara wisithunak sewaya kara ethi athara ohu nuthana hamudawe mahajana muhunuwara wana athara mama thawaduratath hamudawe nositina bawa obata pene,0,singlish
ne ne thawama saneepa ne mage rajakariyata badha karanna mama ida nodiya yuthuyi mehi kisima prawththiyak ow anka eke heta hathare ghathanaya,0,singlish
obata awashya nam ow mama hithanne kanthawak,0,singlish
bilee idiriyata yanna eka kadanna epa eyawa maranna epa mata oyata salli ganna puluwan,0,singlish
oba ohu samanga jeewath wemi mama mehi jeewath wemi ohu meksikowe dee ohuta lebunu dolar miliyana bhagayak gena ohu obata kiyayi,0,singlish
oba balaporoththu wana paridi mage shareeraya samanga oba kisi witekath mage athmaya himikara noganu etheyi apekshawen oba kalabala noweema gena mama sathutu wemi,0,singlish
ohu kawada ho obata kale kumakda ohu ohuge darunu rasayen ma amanapa kaleya,0,singlish
heyi samaharawita eya dannawa wenna puluwan me koheda kiyala,0,singlish
"""Lassanaiii????",0,singlish
mata awashya oba me mokakda kiyala balanna,0,singlish
"""Ma duvat oua waga natanawa",0,singlish
oya jeewath wenne miyami wala eka hari,0,singlish
namuth lori kenadi yanu sampurna dda wasthuwaki,0,singlish
e minissu jorj aprikawen kohenda enne,0,singlish
ow eya oba men adak dedi wanu etha namuth eya thaththata mata ese selakeemata ida dunne netha,0,singlish
eyi oya hemawelema mama kemathi lamayawa balaganna hirawela inne,0,singlish
"""???? sthuthi",0,singlish
oya mata wada kadu gena dannawa kiyala hithuwe mage yaluwa kiyala,0,singlish
subha sandhyawak sar mama andukara appa tikak heduwa hondayi mama [Unkown] ekata yannam,0,singlish
api eka heduwada mama hithanne,0,singlish
oyata mata mehema inna denna be karunakara mata monawada karanna ona kiyala oyata be,0,singlish
mata godak aya mata weda kala lilee mata me wage jarawak thiyenna be aye kawadawath ehema wenne ne mama diwuranawa,0,singlish
[Unkown] [Unkown] [Unkown] [Unkown] iwarayi,0,singlish
keb rathayak wegawath nowanu etha mama obawa ikmanin balaporoththu wemi,0,singlish
oba sansunwa sitina thak eya sansun wanu etha oba kumak kiyannada yanna mata sulu adahasakwath netha,0,singlish
"""Mokkd ane mee",0,singlish
oba me sandaha rasayak laba gena etha eya itha poshyadayee sar,0,singlish
"""Damithri akkige dance eka ????",0,singlish
"""Kohomda Apita me sthabyata badenna puluwan",0,singlish
Mokakda me mehema wada karana eka ge wikarayak wada? thamuse.,0,singlish
mama hithanne ohuwa hamuweemata haniyak nowanu etha ohuge nama newathath acharya homar wels,0,singlish
oba sithanne nehe mama pramanawath tharam honda swameeni eya apata awashya mudal pamanak wana athara api eya soya gaththemu,0,singlish
Ammo,0,singlish
oba tikak redikal deyak manase thabagena wenas weemata kemathida [Unkown],0,singlish
mata mathakayi e sadaye hema [Unkown] mage thaththa jonee ekka innawa,0,singlish
mokakda ara [Unkown] eka galawala thibbe,0,singlish
"Ane manda oya ge kathawa, wal buruwa wage behave wenne ai? lajja nadda.",0,singlish
sanda itha watakuru ya,0,singlish
ow oya ward gem gahanawada me mokakda,0,singlish
oyage nama mokakda brendan putha,0,singlish
mage salli walin api e iskole gini thiyanna ona sar,0,singlish
eka balu petiyek eyi seeyak prarthana nokaranne mata eka witharayi one,0,singlish
obe waidyawaraya ow mage mano waidyawaraya mata beheth ganna kiyala bala kale nehe,0,singlish
wam pasin samantharawa sitinna heyi obata dhawanaya kireemata awashyayi,0,singlish
"oya hariyata kata witharai wada wage wada karanawa, hariyata wada karapan.",0,singlish
mata meka kanna be eyi deyiyane,0,singlish
ithin mata ehenawa okkoma ne e okkoma neweyi kiyala,0,singlish
kamak ne petiyo hemadeyakma hari yanawa thaththe shugar kiyana eka ahagena indapan mokuth karanna epa modayo denna sayiman kiyanawa wadi wenna kiyala,0,singlish
"""Akki",0,singlish
oba hari eya thawamath kopayen mihiri adaraya obe balaya aluth karayi,0,singlish
menna owun mata ewa lebuna owun hondin innawa e arbudaya me akarayen senet [Unkown] awasan karanawa,0,singlish
smith atha bhawitha kara apawa ema entena pokurata agulu damanna eya bara usulana wyuhayak nowe parissam wanna,0,singlish
oba adahas karanne kumak da mama eyata mura sanchara karaththaya laba dunne pare weradi peththe ya den siyalla hondin eya kisiyam polis sthanayaka hisa gasa damayi,0,singlish
mata me yuri ona ne ane mata meka eththatama ona ne oya dannawa mama gruurup karanna kemathi ne mata me sera ona mata meka ona,0,singlish
mage awasana parichchedaya ehi ethi athara aparajitha yanthraya hira wee etha api balamu,1,singlish
"Ane manda me video eka balala comment karana eka, moda yakku wage wage behave wenne ai? machan.",0,singlish
martha deyiyane mawa dala yanna sar mata mahansiyi,0,singlish
mokakda deyiyane api yanne,0,singlish
apoyi eya obata lassanata langa wiya heki tharam uthuru desin wiya yuthuya apa yana enduma gena oba danne kumakda,0,singlish
"""Ptta",0,singlish
oba thaniwama yanne netha nisekawama mama mage swamipurushaya meruwe kawudeyi soya balannam oba mema lekana regena yanawada,0,singlish
thawa ekak eyi neththe,0,singlish
mama nehe kiyanawa saha sthuthiyi mama mage gamana pramanawath tharam wegawath kale nehe eka neweyi mama gaurawanwitha wune,0,singlish
eya oba mama ow,0,singlish
beemata sthuthiyi winadiyak inna samaharawita mata oyata udaw karanna puluwan,0,singlish
mata eya therenawa obata den eya athaharinna puluwan oh mata samawenna mage weda margaya obawa apahasuthawayata path karayi watina,0,singlish
Danushka.,0,singlish
oba mehi tika welawak sitimin benkuwaka ethi warada kumakdeyi owun eya wartha karayi,0,singlish
"""Dancing clz akh patn ganava nomlei aya kirimk nomatha contact 075 0 59 98 00 wath apps",0,singlish
Akki sudu wala,0,singlish
me video eka balala comment karana eka ge kathawa ahuwama wal buruwa kiyala hithenawa.,0,singlish
namuth obata aduma tharamin daruwa pitathata yamatawath obata awashya nowe,0,singlish
"Ane oya wage kenek, moda hariyata wada karapan.",0,singlish
mata eya kiyapu hemadema ahanna ona mama oyata kiyanna hadanawa,0,singlish
India,0,singlish
"""Malliy",0,singlish
dolar miliyana panahak dolar miliyana panahak api me pudgalayata eya apen ek ayekugen laba geneemata ida demu ebewin api ohuwa mara damamu,0,singlish
oba eyawa lihil kala pasu eya ewida giyaya,0,singlish
swamipurushaya ow ohu obe semiya nam,0,singlish
ow owun balanne ewaye pagamana desayi,0,singlish
oba eyawa thotupalen regena giya mama eyawa dena sitiye nehe,0,singlish
oya ge kathawa ta kiyanna one gon athal karaya wage wada nawaththanna kiyala.,0,singlish
eka thamayi adahasa ithin apita one dennek genu dennek,0,singlish
wathura netha obata kala yuththe e sandaha durakathanaya pamani,0,singlish
doktar mama dannawa api badada wenakan ekata ekathu wenna one nehe kiyala oyage hithe thiyena de hari,0,singlish
"Kauda oya kalakaruwange paul keduwe ,",0,singlish
"""Paharak....????????",0,singlish
ohu methaka sita eththenma amuthu lesa kriya karayi ohu thawaduratath mage es desa balannewath netha tharawan mehi pemine,0,singlish
meya wereddaki meya wyasanayaki eya obata awashya de pamani oba owun samanga katha karana bawa dekeemata ida denna,0,singlish
"""Lassani",0,singlish
oba eththatama natana modayek oba karadarayak soyana kalu,0,singlish
me pinthuraya obata yamak adahas karanawada hmm eya kisiwak nowe eya pinthurayak pamani,0,singlish
ohu kawudeyi oba mata keewoth pamanak mama eya obata nayagethiyi,0,singlish
eya hari saha guwan thotupale bala sitina guwan yanayak ohuta [Unkown] ohu winadi pahakin prana [Unkown] wedi thebeemata patan ganee,0,singlish
"""Puluwan nm. Me pansala gana weda satahank krnnn",0,singlish
hayi [Unkown] hayi kimura ko anadena thanathura,0,singlish
me video eka balala comment karana eka mehema karanne awajathaka wage nisa da? hariyata behave karapan.,0,singlish
"oya ge reply eka, uba nam boru karaya machan.",0,singlish
Ela,0,singlish
